,robin,sachin
0,0.55334511,0.293171837
1,bas,0.441345309
2,0.136698,0.579171513
3,0.695231958,0.606792172
4,0.622987902,0.922312997
5,0.129597041,0.401986717
6,0.687508627,0.334214275
7,0.57049269,0.930461849
8,0.317671136,0.811477537
9,0.359123465,0.235589005
10,0.592126686,0.924416344
11,0.771953266,0.561149351
12,0.744880138,0.922384163
13,0.118030389,0.140803662
14,0.887851813,0.114481796
15,0.244473099,0.271461495
16,0.327822412,0.341041595
17,0.156435964,0.37193797
18,0.77416072,0.758378302
19,0.552136653,0.442537112
20,0.622314177,0.035036261
21,0.169686677,0.025159939
22,0.111047189,0.31611058
23,0.529344264,0.367789231
24,0.278971609,0.847423581
25,0.186285351,0.487439371
26,0.863717026,0.269613424
27,0.448571514,0.909605783
28,0.080157188,0.21075388
29,0.094389606,0.763157481
30,0.892445021,0.918372168
31,0.908992728,0.518169013
32,0.875716067,0.157915934
33,0.717452969,0.727293851
34,0.145490892,0.204423897
35,0.028597213,0.852862068
36,0.752883054,0.784562931
37,0.464830881,0.997618921
38,0.786905279,0.891094407
39,0.509753228,0.733782368
40,0.953321638,0.018697972
41,0.025780747,0.878321494
42,0.306785691,0.065363815
43,0.117129474,0.857100688
44,0.879986212,0.957321812
45,0.425848695,0.404219216
46,0.123164919,0.989066363
47,0.424825366,0.495023037
48,0.431734535,0.337316905
49,0.078123985,0.947867356
50,0.294068872,0.50579866
51,0.862993529,0.054935714
52,0.658752516,0.095899769
53,0.294204695,0.589786382
54,0.598666788,0.635089628
55,0.506342699,0.148608038
56,0.816787427,0.012427247
57,0.512132215,0.014359303
58,0.180049044,0.673666053
59,0.739429988,0.87908142
60,0.18883268,0.646741255
61,0.786552978,0.119503211
62,0.228494748,0.730179925
63,0.22062371,0.073527821
64,0.956576218,0.14582089
65,0.501428816,0.95116231
66,0.86887472,0.288014275
67,0.767373377,0.997879291
68,0.870062706,0.76616621
69,0.368270214,0.296686754
70,0.472967594,0.891673373
71,0.105929936,0.527432729
72,0.935234593,0.103247097
73,0.758205463,0.225828808
74,0.443063081,0.292445255
75,0.545322349,0.656575587
76,0.525844321,0.390736511
77,0.831472366,0.698525089
78,0.698713288,0.846800151
79,0.436279179,0.109010382
80,0.947252532,0.920287672
81,0.4272144,0.995445905
82,0.569913982,0.43411023
83,0.554854858,0.052174163
84,0.934817343,0.812474403
85,0.069266876,0.504913716
86,0.941906466,0.81487699
87,0.387756568,0.359924671
88,0.491981359,0.50775948
89,0.703131489,0.404803068
90,0.736456552,0.044862249
91,0.378849819,0.677019979
92,0.058184627,0.275293467
93,0.720544462,0.488906756
94,0.125367593,0.816494529
95,0.069847109,0.831217501
96,0.220871547,0.001047104
97,0.211946612,0.551575128
98,0.005131924,0.83504606
99,0.247039295,0.189126242
100,0.943049363,0.839676655
101,0.096233703,0.677452738
102,0.728884526,0.342955408
103,0.908376521,0.145613816
104,0.931176844,0.976134011
105,0.658877226,0.034726002
106,0.8963784,0.210260343
107,0.191930387,0.486558895
108,0.439846185,0.994581211
109,0.64011522,0.456841038
110,0.946513358,0.317613653
111,0.938842741,0.183904653
112,0.975604077,0.313350825
113,0.417046633,0.981216393
114,0.619935422,0.96798659
115,0.74110074,0.416627332
116,0.937225696,0.202663384
117,0.351261453,0.588668932
118,0.968631923,0.207074562
119,0.754693529,0.830336777
120,0.04359283,0.158252246
121,0.894765896,0.797882878
122,0.074575431,0.294653292
123,0.055937966,0.6569108
124,0.287020054,0.955702255
125,0.962441771,0.233821405
126,0.35815513,0.081427029
127,0.070940299,0.135376553
128,0.795124641,0.591381292
129,0.937575737,0.162544609
130,0.043725714,0.845312999
131,0.074173096,0.970148274
132,0.50665017,0.447960842
133,0.234525445,0.442614847
134,0.665447552,0.01352194
135,0.131303798,0.372740562
136,0.301608648,0.973654154
137,0.941592189,0.593923038
138,0.462676183,0.649343558
139,0.643987582,0.327836584
140,0.57048565,0.965639097
141,0.660018759,0.163061414
142,0.347523537,0.817822744
143,0.340871926,0.733429833
144,0.745432581,0.874946169
145,0.617775069,0.159142664
146,0.876761538,0.036817349
147,0.508092028,0.298887214
148,0.949513014,0.690741628
149,0.038527981,0.068946093
150,0.087264113,0.766927503
151,0.139633342,0.559415858
152,0.777101663,0.219988681
153,0.365586504,0.17933102
154,0.061351647,0.155845374
155,0.175590857,0.743821634
156,0.016083903,0.276244109
157,0.282118717,0.583028538
158,0.260784117,0.251314662
159,0.753875408,0.286496764
160,0.632775006,0.700313033
161,0.516192567,0.336622895
162,0.539447363,0.611611691
163,0.553343092,0.917574572
164,0.473108099,0.846328073
165,0.875879581,0.700148567
166,0.010755,0.108411548
167,0.013981218,0.295754425
168,0.201217032,0.510376296
169,0.485672212,0.832830149
170,0.175781146,0.999900343
171,0.355106344,0.413913046
172,0.210989037,0.750696275
173,0.763866446,0.751083048
174,0.956275034,0.419708857
175,0.594879367,0.199419957
176,0.141893432,0.532125498
177,0.513732794,0.51042706
178,0.526072275,0.449561104
179,0.684811158,0.884101003
180,0.044588539,0.442241574
181,0.97514768,0.313512795
182,0.077751595,0.920018071
183,0.91341244,0.179643979
184,0.421143492,0.34021639
185,0.769301198,0.947249194
186,0.11792544,0.874944067
187,0.570191602,0.001244573
188,0.984788216,0.434535382
189,0.974299413,0.852762838
190,0.033579055,0.510159849
191,0.992311291,0.739138845
192,0.337949972,0.429673644
193,0.573275191,0.427011817
194,0.103558502,0.561801904
195,0.518135852,0.436975328
196,0.99818253,0.154922879
197,0.254160677,0.479905869
198,0.99503294,0.069891766
199,0.667536832,0.947850021
